,Misclassification,MCC,dataType
MultinomialNB,0.44026436197254704,0.16384974885307882,additional
LogisticReg,0.7076766649720386,0.26614701477360453,additional
SVC,0.7025927808845959,0.13803752675333467,additional
RandomForest,0.726487036095577,0.27099672851657697,additional
