,AUC,Misclassification,MCC,ngrams
MultinomialNB,0.8511120922435085,0.7851596203623814,0.5439558264553912,4
LogisticReg,0.8663281759895575,0.8032786885245902,0.5710452392998302,4
SVC,0.8663281759895575,0.7834339948231234,0.5204293975744884,4
RandomForest,0.8628952790468511,0.7989646246764452,0.5643280727042698,4
XGB,0.859027271214855,0.7886108714408974,0.5352608643195553,4
