,AUC,Misclassification,MCC,ngrams
MultinomialNB,0.849067710932801,0.7808455565142364,0.5300106227095446,1
LogisticReg,0.8606941298422083,0.7911993097497843,0.545202048128289,1
SVC,0.8606941298422083,0.7937877480586712,0.5445439131848641,1
RandomForest,0.8638022932903341,0.7998274374460742,0.5690419122127297,1
XGB,0.8606589370496922,0.7834339948231234,0.5239377000552647,1
