,AUC,Misclassification,MCC,ngrams
MultinomialNB,0.8528781305588615,0.7860224331320104,0.5455303162695709,3
LogisticReg,0.8663505714029767,0.8041415012942191,0.5730758790460744,3
SVC,0.8663505714029767,0.7834339948231234,0.5204293975744884,3
RandomForest,0.8600062707157574,0.7903364969801553,0.5459808236284274,3
XGB,0.859027271214855,0.7886108714408974,0.5352608643195553,3
