,AUC,Misclassification,MCC,ngrams
MultinomialNB,0.8578243175797596,0.7894736842105263,0.5513620600876112,2
LogisticReg,0.8668208750847827,0.8024158757549612,0.5684756323345909,2
SVC,0.8668208750847827,0.7842968075927523,0.5224622864520863,2
RandomForest,0.8616395362229816,0.7946505608283002,0.5574823384660437,2
XGB,0.8617467142729169,0.7929249352890423,0.5449974569003849,2
