,AUC,Misclassification,MCC,remove_stop_words
MultinomialNB,0.8578243175797596,0.7894736842105263,0.5513620600876112,False
LogisticReg,0.8668208750847827,0.8024158757549612,0.5684756323345909,False
SVC,0.8668208750847827,0.7842968075927523,0.5224622864520863,False
RandomForest,0.8625129573463355,0.8032786885245902,0.5731841971361713,False
