,AUC,Misclassification,MCC,remove_stop_words
MultinomialNB,0.8474280467360286,0.7851596203623814,0.5381245223787707,True
LogisticReg,0.8653299804200101,0.8015530629853321,0.5659430917410238,True
SVC,0.8653299804200101,0.7817083692838654,0.5168291964038368,True
RandomForest,0.8505826006833801,0.7937877480586712,0.5618005493909224,True
