,Misclassification,MCC,dataType
MultinomialNB,0.7300531914893617,0.4418965665179997,additional
LogisticReg,0.8058510638297872,0.5230438657381621,additional
SVC,0.7393617021276596,0.2930372733570722,additional
RandomForest,0.824468085106383,0.5595464655340348,additional
