,Misclassification,MCC,dataType
MultinomialNB,0.8318924111431316,0.6013900517116358,additional
LogisticReg,0.8491834774255523,0.6265886816719821,additional
SVC,0.7848222862632085,0.4461195698357654,additional
RandomForest,0.8626320845341018,0.6607263046152583,additional
