,Misclassification,MCC,dataType
MultinomialNB,0.8391003460207612,0.6254585494659279,additional
LogisticReg,0.8477508650519031,0.6348139918851654,additional
SVC,0.7975778546712803,0.49668583410884537,additional
RandomForest,0.8771626297577855,0.7044728348625778,additional
