,Misclassification,MCC,dataType
MultinomialNB,0.7841105354058722,0.5381197041620264,original
LogisticReg,0.7884283246977547,0.5378997051545973,original
SVC,0.7728842832469776,0.49588283950593653,original
RandomForest,0.7962003454231433,0.5597978451184612,original
