,Misclassification,MCC,dataType
MultinomialNB,0.7918825561312608,0.5518886349320659,original
LogisticReg,0.8005181347150259,0.5653100815826229,original
SVC,0.7823834196891192,0.518320609970877,original
RandomForest,0.7944732297063903,0.5549317377995208,original
