,Misclassification,MCC,dataType
MultinomialNB,0.7911993097497843,0.5504649425700461,original
LogisticReg,0.8006902502157032,0.5646804682395954,original
SVC,0.7834339948231234,0.520426777594852,original
RandomForest,0.7929249352890423,0.5503211032462788,original
