,Misclassification,MCC,dataType
MultinomialNB,0.7780656303972366,0.5274487738742708,original
LogisticReg,0.7772020725388601,0.511209256328307,original
SVC,0.7668393782383419,0.4816424574494638,original
RandomForest,0.7927461139896373,0.5494190099432842,original
