,AUC,Misclassification,MCC,n_components
GaussianNB,0.6183549609040069,0.5944779982743744,0.14224906896972228,1000
LogisticReg,0.8595167709653063,0.7903364969801553,0.5431517212703629,1000
SVC,0.8595167709653063,0.7946505608283002,0.5465438077575547,1000
RandomForest,0.7533721093919965,0.7040552200172563,0.32474906461146913,1000
