,AUC,Misclassification,MCC,n_components
GaussianNB,0.6281433562406419,0.6514236410698878,0.17713776356049252,10
LogisticReg,0.6511466451670699,0.6591889559965487,0.18892394054838846,10
SVC,0.6511466451670699,0.6540120793787748,0.1706384989944288,10
RandomForest,0.6970572426766998,0.6721311475409836,0.2504702299168136,10
