,AUC,Misclassification,MCC,n_components
GaussianNB,0.7002485890889545,0.6125970664365833,0.2541107755460661,100
LogisticReg,0.7970239694910483,0.7446074201898188,0.43109197950916384,100
SVC,0.7970239694910483,0.7471958584987057,0.43494508262736115,100
RandomForest,0.796449687104081,0.7351164797238999,0.40397372669288556,100
