,AUC,Misclassification,MCC,n_components
GaussianNB,0.571420573066636,0.5565142364106989,0.08642716314028857,2000
LogisticReg,0.8629880600453028,0.7981018119068162,0.5609278230536768,2000
SVC,0.8629880600453028,0.7851596203623814,0.5245053511956551,2000
RandomForest,0.7212730832725458,0.6885245901639344,0.2844304042265979,2000
