,AUC,Misclassification,MCC,n_components
GaussianNB,0.7029680321470162,0.6540120793787748,0.2540115523720805,500
LogisticReg,0.8575491739291794,0.7886108714408974,0.5378172104261049,500
SVC,0.8575491739291794,0.7842968075927523,0.5231214342886162,500
RandomForest,0.7915322941861507,0.731665228645384,0.4018985702480125,500
